1,1,1,closed,1
2,1,2,closed,2
3,1,3,closed,3
4,1,4,open,4
5,1,5,closed,5
6,1,6,closed,6
7,1,7,closed,7
8,1,10,closed,10
9,1,11,closed,11
10,1,12,closed,12
11,1,13,closed,13
12,1,14,closed,14
13,1,15,closed,15
14,1,16,open,16
15,2,1,closed,1
16,2,2,closed,2
17,2,3,closed,3
18,2,4,closed,4
19,2,5,closed,5
20,2,6,closed,6
21,2,7,closed,7
22,2,10,closed,10
23,2,11,closed,11
24,2,12,closed,12
25,2,13,closed,13
26,2,14,closed,14
27,2,15,closed,15
28,2,16,open,16
29,3,1,closed,1
30,3,2,closed,2
31,3,3,open,3
32,3,4,closed,4
33,3,5,closed,5
34,3,6,closed,6
35,3,7,closed,7
36,3,10,closed,10
37,3,11,closed,11
38,3,12,closed,12
39,3,13,closed,13
40,3,14,closed,14
41,3,15,closed,15
42,3,16,open,16
43,4,1,closed,1
44,4,2,open,2
45,4,3,closed,3
46,4,4,closed,4
47,4,5,closed,5
48,4,6,closed,6
49,4,7,closed,7
50,4,10,closed,10
51,4,11,closed,11
52,4,12,closed,12
53,4,13,open,13
54,4,14,closed,14
55,4,15,closed,15
56,4,16,open,16
57,5,1,closed,1
58,5,2,open,2
59,5,3,closed,3
60,5,4,closed,4
61,5,5,closed,5
62,5,6,closed,6
63,5,7,closed,7
64,5,10,closed,10
65,5,11,closed,11
66,5,12,closed,12
67,5,13,closed,13
68,5,14,closed,14
69,5,15,closed,15
70,5,16,open,16
71,6,1,closed,1
72,6,2,closed,2
73,6,3,closed,3
74,6,4,closed,4
75,6,5,closed,5
76,6,6,closed,6
77,6,7,closed,7
78,6,10,closed,10
79,6,11,closed,11
80,6,12,closed,12
81,6,13,closed,13
82,6,14,closed,14
83,6,15,closed,15
84,6,16,open,16
85,7,1,closed,1
86,7,2,closed,2
87,7,3,closed,3
88,7,4,open,4
89,7,5,closed,5
90,7,6,closed,6
91,7,7,closed,7
92,7,10,closed,10
93,7,11,closed,11
94,7,12,closed,12
95,7,13,closed,13
96,7,14,closed,14
97,7,15,closed,15
98,7,16,open,16
99,8,1,closed,1
100,8,2,closed,2
101,8,3,closed,3
102,8,4,closed,4
103,8,5,closed,5
104,8,6,closed,6
105,8,7,closed,7
106,8,10,closed,10
107,8,11,closed,11
108,8,12,closed,12
109,8,13,closed,13
110,8,14,closed,14
111,8,15,closed,15
112,8,16,open,16
113,9,1,closed,1
114,9,2,closed,2
115,9,3,open,3
116,9,4,closed,4
117,9,5,closed,5
118,9,6,closed,6
119,9,7,closed,7
120,9,10,closed,10
121,9,11,closed,11
122,9,12,closed,12
123,9,13,closed,13
124,9,14,closed,14
125,9,15,closed,15
126,9,16,open,16
127,10,1,closed,1
128,10,2,open,2
129,10,3,closed,3
130,10,4,closed,4
131,10,5,closed,5
132,10,6,closed,6
133,10,7,closed,7
134,10,10,closed,10
135,10,11,closed,11
136,10,12,closed,12
137,10,13,open,13
138,10,14,closed,14
139,10,15,closed,15
140,10,16,open,16
141,11,1,closed,1
142,11,2,open,2
143,11,3,closed,3
144,11,4,closed,4
145,11,5,closed,5
146,11,6,closed,6
147,11,7,closed,7
148,11,10,closed,10
149,11,11,closed,11
150,11,12,closed,12
151,11,13,closed,13
152,11,14,closed,14
153,11,15,closed,15
154,11,16,open,16
155,12,1,closed,1
156,12,2,closed,2
157,12,3,closed,3
158,12,4,closed,4
159,12,5,closed,5
160,12,6,closed,6
161,12,7,closed,7
162,12,10,closed,10
163,12,11,closed,11
164,12,12,closed,12
165,12,13,closed,13
166,12,14,closed,14
167,12,15,closed,15
168,12,16,open,16
169,13,1,closed,1
170,13,2,closed,2
171,13,3,closed,3
172,13,4,open,4
173,13,5,closed,5
174,13,6,closed,6
175,13,7,closed,7
176,13,10,closed,10
177,13,11,closed,11
178,13,12,closed,12
179,13,13,closed,13
180,13,14,closed,14
181,13,15,closed,15
182,13,16,open,16
183,14,1,closed,1
184,14,2,closed,2
185,14,3,closed,3
186,14,4,closed,4
187,14,5,closed,5
188,14,6,closed,6
189,14,7,closed,7
190,14,10,closed,10
191,14,11,closed,11
192,14,12,closed,12
193,14,13,closed,13
194,14,14,closed,14
195,14,15,closed,15
196,14,16,open,16
197,15,1,closed,1
198,15,2,closed,2
199,15,3,open,3
200,15,4,closed,4
201,15,5,closed,5
202,15,6,closed,6
203,15,7,closed,7
204,15,10,closed,10
205,15,11,closed,11
206,15,12,closed,12
207,15,13,closed,13
208,15,14,closed,14
209,15,15,closed,15
210,15,16,open,16
211,16,1,open,1
212,16,2,closed,2
213,16,3,closed,3
214,16,4,closed,4
215,16,5,closed,5
216,16,6,closed,6
217,16,7,closed,7
218,16,10,closed,10
219,16,11,closed,11
220,16,12,closed,12
221,16,13,open,13
222,16,14,closed,14
223,16,15,closed,15
224,16,16,open,16
225,17,1,open,1
226,17,2,closed,2
227,17,3,closed,3
228,17,4,closed,4
229,17,5,closed,5
230,17,6,closed,6
231,17,7,closed,7
232,17,10,closed,10
233,17,11,closed,11
234,17,12,closed,12
235,17,13,closed,13
236,17,14,closed,14
237,17,15,closed,15
238,17,16,open,16
239,18,1,closed,1
240,18,2,closed,2
241,18,3,closed,3
242,18,4,closed,4
243,18,5,closed,5
244,18,6,closed,6
245,18,7,closed,7
246,18,10,closed,10
247,18,11,closed,11
248,18,12,closed,12
249,18,13,closed,13
250,18,14,closed,14
251,18,15,closed,15
252,18,16,open,16
253,19,1,closed,1
254,19,2,closed,2
255,19,3,closed,3
256,19,4,open,4
257,19,5,closed,5
258,19,6,closed,6
259,19,7,closed,7
260,19,10,closed,10
261,19,11,closed,11
262,19,12,closed,12
263,19,13,closed,13
264,19,14,closed,14
265,19,15,closed,15
266,19,16,open,16
267,20,1,closed,1
268,20,2,closed,2
269,20,3,closed,3
270,20,4,closed,4
271,20,5,closed,5
272,20,6,closed,6
273,20,7,closed,7
274,20,10,closed,10
275,20,11,closed,11
276,20,12,closed,12
277,20,13,closed,13
278,20,14,closed,14
279,20,15,closed,15
280,20,16,open,16
281,21,1,closed,1
282,21,2,closed,2
283,21,3,open,3
284,21,4,closed,4
285,21,5,closed,5
286,21,6,closed,6
287,21,7,closed,7
288,21,10,closed,10
289,21,11,closed,11
290,21,12,closed,12
291,21,13,closed,13
292,21,14,closed,14
293,21,15,closed,15
294,21,16,open,16
295,22,1,open,1
296,22,2,closed,2
297,22,3,closed,3
298,22,4,closed,4
299,22,5,closed,5
300,22,6,closed,6
301,22,7,closed,7
302,22,10,closed,10
303,22,11,closed,11
304,22,12,closed,12
305,22,13,open,13
306,22,14,closed,14
307,22,15,closed,15
308,22,16,open,16
309,23,1,open,1
310,23,2,closed,2
311,23,3,closed,3
312,23,4,closed,4
313,23,5,closed,5
314,23,6,closed,6
315,23,7,closed,7
316,23,10,closed,10
317,23,11,closed,11
318,23,12,closed,12
319,23,13,closed,13
320,23,14,closed,14
321,23,15,closed,15
322,23,16,open,16
323,24,1,closed,1
324,24,2,closed,2
325,24,3,closed,3
326,24,4,closed,4
327,24,5,closed,5
328,24,6,closed,6
329,24,7,closed,7
330,24,10,closed,10
331,24,11,closed,11
332,24,12,closed,12
333,24,13,closed,13
334,24,14,closed,14
335,24,15,closed,15
336,24,16,open,16
337,25,1,closed,1
338,25,2,closed,2
339,25,3,closed,3
340,25,4,open,4
341,25,5,closed,5
342,25,6,closed,6
343,25,7,closed,7
344,25,10,closed,10
345,25,11,closed,11
346,25,12,closed,12
347,25,13,closed,13
348,25,14,closed,14
349,25,15,closed,15
350,25,16,open,16
351,26,1,closed,1
352,26,2,closed,2
353,26,3,closed,3
354,26,4,closed,4
355,26,5,closed,5
356,26,6,closed,6
357,26,7,closed,7
358,26,10,closed,10
359,26,11,closed,11
360,26,12,closed,12
361,26,13,closed,13
362,26,14,closed,14
363,26,15,closed,15
364,26,16,open,16
365,27,1,closed,1
366,27,2,closed,2
367,27,3,open,3
368,27,4,closed,4
369,27,5,closed,5
370,27,6,closed,6
371,27,7,closed,7
372,27,10,closed,10
373,27,11,closed,11
374,27,12,closed,12
375,27,13,closed,13
376,27,14,closed,14
377,27,15,closed,15
378,27,16,open,16
379,28,1,open,1
380,28,2,closed,2
381,28,3,closed,3
382,28,4,closed,4
383,28,5,closed,5
384,28,6,closed,6
385,28,7,closed,7
386,28,10,closed,10
387,28,11,closed,11
388,28,12,closed,12
389,28,13,open,13
390,28,14,closed,14
391,28,15,closed,15
392,28,16,open,16
393,29,1,open,1
394,29,2,closed,2
395,29,3,closed,3
396,29,4,closed,4
397,29,5,closed,5
398,29,6,closed,6
399,29,7,closed,7
400,29,10,closed,10
401,29,11,closed,11
402,29,12,closed,12
403,29,13,closed,13
404,29,14,closed,14
405,29,15,closed,15
406,29,16,open,16
407,30,1,closed,1
408,30,2,closed,2
409,30,3,closed,3
410,30,4,closed,4
411,30,5,closed,5
412,30,6,closed,6
413,30,7,closed,7
414,30,10,closed,10
415,30,11,closed,11
416,30,12,closed,12
417,30,13,closed,13
418,30,14,closed,14
419,30,15,closed,15
420,30,16,open,16
421,31,1,open,1
422,31,2,open,2
423,31,3,closed,3
424,31,4,closed,4
425,31,5,closed,5
426,31,6,closed,6
427,31,7,closed,7
428,31,10,closed,10
429,31,11,closed,11
430,31,12,closed,12
431,31,13,closed,13
432,31,14,closed,14
433,31,15,closed,15
434,31,16,closed,16
435,32,1,open,1
436,32,2,open,2
437,32,3,closed,3
438,32,4,closed,4
439,32,5,closed,5
440,32,6,closed,6
441,32,7,closed,7
442,32,10,closed,10
443,32,11,closed,11
444,32,12,closed,12
445,32,13,open,13
446,32,14,open,14
447,32,15,closed,15
448,32,16,closed,16
449,33,1,closed,1
450,33,2,closed,2
451,33,3,closed,3
452,33,4,closed,4
453,33,5,closed,5
454,33,6,closed,6
455,33,7,closed,7
456,33,10,closed,10
457,33,11,closed,11
458,33,12,closed,12
459,33,13,closed,13
460,33,14,closed,14
461,33,15,closed,15
462,33,16,closed,16
463,34,1,closed,1
464,34,2,closed,2
465,34,3,closed,3
466,34,4,closed,4
467,34,5,closed,5
468,34,6,closed,6
469,34,7,closed,7
470,34,10,closed,10
471,34,11,closed,11
472,34,12,closed,12
473,34,13,closed,13
474,34,14,closed,14
475,34,15,closed,15
476,34,16,open,16
477,35,1,closed,1
478,35,2,closed,2
479,35,3,closed,3
480,35,4,open,4
481,35,5,closed,5
482,35,6,closed,6
483,35,7,closed,7
484,35,10,closed,10
485,35,11,closed,11
486,35,12,closed,12
487,35,13,closed,13
488,35,14,closed,14
489,35,15,closed,15
490,35,16,open,16
491,36,1,open,1
492,36,2,closed,2
493,36,3,closed,3
494,36,4,open,4
495,36,5,closed,5
496,36,6,closed,6
497,36,7,closed,7
498,36,10,closed,10
499,36,11,closed,11
500,36,12,closed,12
501,36,13,closed,13
502,36,14,closed,14
503,36,15,closed,15
504,36,16,open,16
505,37,1,open,1
506,37,2,closed,2
507,37,3,closed,3
508,37,4,closed,4
509,37,5,closed,5
510,37,6,closed,6
511,37,7,closed,7
512,37,10,closed,10
513,37,11,closed,11
514,37,12,closed,12
515,37,13,closed,13
516,37,14,closed,14
517,37,15,closed,15
518,37,16,open,16
519,38,1,open,1
520,38,2,closed,2
521,38,3,closed,3
522,38,4,closed,4
523,38,5,closed,5
524,38,6,closed,6
525,38,7,closed,7
526,38,10,closed,10
527,38,11,closed,11
528,38,12,closed,12
529,38,13,open,13
530,38,14,closed,14
531,38,15,closed,15
532,38,16,open,16
533,39,1,closed,1
534,39,2,closed,2
535,39,3,closed,3
536,39,4,closed,4
537,39,5,closed,5
538,39,6,closed,6
539,39,7,closed,7
540,39,10,closed,10
541,39,11,closed,11
542,39,12,closed,12
543,39,13,closed,13
544,39,14,closed,14
545,39,15,closed,15
546,39,16,open,16
547,40,1,closed,1
548,40,2,closed,2
549,40,3,closed,3
550,40,4,open,4
551,40,5,closed,5
552,40,6,closed,6
553,40,7,closed,7
554,40,10,closed,10
555,40,11,closed,11
556,40,12,closed,12
557,40,13,closed,13
558,40,14,closed,14
559,40,15,closed,15
560,40,16,open,16
561,41,1,closed,1
562,41,2,closed,2
563,41,3,closed,3
564,41,4,closed,4
565,41,5,closed,5
566,41,6,closed,6
567,41,7,closed,7
568,41,10,closed,10
569,41,11,closed,11
570,41,12,closed,12
571,41,13,closed,13
572,41,14,closed,14
573,41,15,closed,15
574,41,16,open,16
575,42,1,closed,1
576,42,2,closed,2
577,42,3,open,3
578,42,4,closed,4
579,42,5,closed,5
580,42,6,closed,6
581,42,7,closed,7
582,42,10,closed,10
583,42,11,closed,11
584,42,12,closed,12
585,42,13,closed,13
586,42,14,closed,14
587,42,15,closed,15
588,42,16,open,16
589,43,1,closed,1
590,43,2,closed,2
591,43,3,closed,3
592,43,4,closed,4
593,43,5,closed,5
594,43,6,closed,6
595,43,7,closed,7
596,43,10,closed,10
597,43,11,closed,11
598,43,12,closed,12
599,43,13,closed,13
600,43,14,closed,14
601,43,15,closed,15
602,43,16,open,16
603,44,1,closed,1
604,44,2,closed,2
605,44,3,closed,3
606,44,4,open,4
607,44,5,closed,5
608,44,6,closed,6
609,44,7,closed,7
610,44,10,closed,10
611,44,11,closed,11
612,44,12,closed,12
613,44,13,closed,13
614,44,14,open,14
615,44,15,closed,15
616,44,16,open,16
617,45,1,closed,1
618,45,2,closed,2
619,45,3,closed,3
620,45,4,closed,4
621,45,5,closed,5
622,45,6,closed,6
623,45,7,closed,7
624,45,10,closed,10
625,45,11,closed,11
626,45,12,closed,12
627,45,13,open,13
628,45,14,open,14
629,45,15,closed,15
630,45,16,open,16
631,46,1,closed,1
632,46,2,open,2
633,46,3,closed,3
634,46,4,closed,4
635,46,5,closed,5
636,46,6,closed,6
637,46,7,closed,7
638,46,10,closed,10
639,46,11,closed,11
640,46,12,closed,12
641,46,13,open,13
642,46,14,open,14
643,46,15,closed,15
644,46,16,open,16
645,47,1,closed,1
646,47,2,closed,2
647,47,3,closed,3
648,47,4,closed,4
649,47,5,closed,5
650,47,6,closed,6
651,47,7,closed,7
652,47,10,closed,10
653,47,11,closed,11
654,47,12,closed,12
655,47,13,closed,13
656,47,14,closed,14
657,47,15,closed,15
658,47,16,open,16
659,48,1,closed,1
660,48,2,closed,2
661,48,3,closed,3
662,48,4,open,4
663,48,5,closed,5
664,48,6,closed,6
665,48,7,closed,7
666,48,10,closed,10
667,48,11,closed,11
668,48,12,closed,12
669,48,13,closed,13
670,48,14,closed,14
671,48,15,closed,15
672,48,16,open,16
673,49,1,closed,1
674,49,2,closed,2
675,49,3,closed,3
676,49,4,closed,4
677,49,5,closed,5
678,49,6,closed,6
679,49,7,closed,7
680,49,10,closed,10
681,49,11,closed,11
682,49,12,closed,12
683,49,13,closed,13
684,49,14,closed,14
685,49,15,closed,15
686,49,16,open,16
687,50,1,closed,1
688,50,2,closed,2
689,50,3,open,3
690,50,4,closed,4
691,50,5,closed,5
692,50,6,closed,6
693,50,7,closed,7
694,50,10,closed,10
695,50,11,closed,11
696,50,12,closed,12
697,50,13,closed,13
698,50,14,closed,14
699,50,15,closed,15
700,50,16,open,16
701,51,1,closed,1
702,51,2,closed,2
703,51,3,closed,3
704,51,4,closed,4
705,51,5,closed,5
706,51,6,closed,6
707,51,7,closed,7
708,51,10,closed,10
709,51,11,closed,11
710,51,12,closed,12
711,51,13,closed,13
712,51,14,closed,14
713,51,15,closed,15
714,51,16,open,16
715,52,1,closed,1
716,52,2,closed,2
717,52,3,closed,3
718,52,4,open,4
719,52,5,closed,5
720,52,6,closed,6
721,52,7,closed,7
722,52,10,closed,10
723,52,11,closed,11
724,52,12,closed,12
725,52,13,closed,13
726,52,14,open,14
727,52,15,closed,15
728,52,16,open,16
729,53,1,closed,1
730,53,2,closed,2
731,53,3,closed,3
732,53,4,closed,4
733,53,5,closed,5
734,53,6,closed,6
735,53,7,closed,7
736,53,10,closed,10
737,53,11,closed,11
738,53,12,closed,12
739,53,13,open,13
740,53,14,open,14
741,53,15,closed,15
742,53,16,open,16
743,54,1,closed,1
744,54,2,open,2
745,54,3,closed,3
746,54,4,closed,4
747,54,5,closed,5
748,54,6,closed,6
749,54,7,closed,7
750,54,10,closed,10
751,54,11,closed,11
752,54,12,closed,12
753,54,13,open,13
754,54,14,open,14
755,54,15,closed,15
756,54,16,open,16
757,55,1,closed,1
758,55,2,closed,2
759,55,3,closed,3
760,55,4,closed,4
761,55,5,closed,5
762,55,6,closed,6
763,55,7,closed,7
764,55,10,closed,10
765,55,11,closed,11
766,55,12,closed,12
767,55,13,closed,13
768,55,14,closed,14
769,55,15,closed,15
770,55,16,open,16
771,56,1,closed,1
772,56,2,closed,2
773,56,3,closed,3
774,56,4,open,4
775,56,5,closed,5
776,56,6,closed,6
777,56,7,closed,7
778,56,10,closed,10
779,56,11,closed,11
780,56,12,closed,12
781,56,13,closed,13
782,56,14,closed,14
783,56,15,closed,15
784,56,16,open,16
785,57,1,closed,1
786,57,2,closed,2
787,57,3,closed,3
788,57,4,closed,4
789,57,5,closed,5
790,57,6,closed,6
791,57,7,closed,7
792,57,10,closed,10
793,57,11,closed,11
794,57,12,closed,12
795,57,13,closed,13
796,57,14,closed,14
797,57,15,closed,15
798,57,16,open,16
799,58,1,closed,1
800,58,2,closed,2
801,58,3,open,3
802,58,4,closed,4
803,58,5,closed,5
804,58,6,closed,6
805,58,7,closed,7
806,58,10,closed,10
807,58,11,closed,11
808,58,12,closed,12
809,58,13,closed,13
810,58,14,closed,14
811,58,15,closed,15
812,58,16,open,16
813,59,1,closed,1
814,59,2,closed,2
815,59,3,closed,3
816,59,4,closed,4
817,59,5,closed,5
818,59,6,closed,6
819,59,7,closed,7
820,59,10,closed,10
821,59,11,closed,11
822,59,12,closed,12
823,59,13,closed,13
824,59,14,closed,14
825,59,15,closed,15
826,59,16,open,16
827,60,1,closed,1
828,60,2,closed,2
829,60,3,closed,3
830,60,4,open,4
831,60,5,closed,5
832,60,6,closed,6
833,60,7,closed,7
834,60,10,closed,10
835,60,11,closed,11
836,60,12,closed,12
837,60,13,closed,13
838,60,14,open,14
839,60,15,closed,15
840,60,16,open,16
841,61,1,closed,1
842,61,2,closed,2
843,61,3,closed,3
844,61,4,closed,4
845,61,5,closed,5
846,61,6,closed,6
847,61,7,closed,7
848,61,10,closed,10
849,61,11,closed,11
850,61,12,closed,12
851,61,13,open,13
852,61,14,open,14
853,61,15,closed,15
854,61,16,open,16
855,62,1,closed,1
856,62,2,open,2
857,62,3,closed,3
858,62,4,closed,4
859,62,5,closed,5
860,62,6,closed,6
861,62,7,closed,7
862,62,10,closed,10
863,62,11,closed,11
864,62,12,closed,12
865,62,13,open,13
866,62,14,open,14
867,62,15,closed,15
868,62,16,open,16
869,63,1,closed,1
870,63,2,closed,2
871,63,3,closed,3
872,63,4,closed,4
873,63,5,closed,5
874,63,6,closed,6
875,63,7,closed,7
876,63,10,closed,10
877,63,11,closed,11
878,63,12,closed,12
879,63,13,closed,13
880,63,14,closed,14
881,63,15,closed,15
882,63,16,open,16
883,64,1,closed,1
884,64,2,closed,2
885,64,3,closed,3
886,64,4,open,4
887,64,5,closed,5
888,64,6,closed,6
889,64,7,closed,7
890,64,10,closed,10
891,64,11,closed,11
892,64,12,closed,12
893,64,13,closed,13
894,64,14,closed,14
895,64,15,closed,15
896,64,16,open,16
897,65,1,closed,1
898,65,2,closed,2
899,65,3,closed,3
900,65,4,closed,4
901,65,5,closed,5
902,65,6,closed,6
903,65,7,closed,7
904,65,10,closed,10
905,65,11,closed,11
906,65,12,closed,12
907,65,13,closed,13
908,65,14,closed,14
909,65,15,closed,15
910,65,16,open,16
911,66,1,closed,1
912,66,2,closed,2
913,66,3,open,3
914,66,4,closed,4
915,66,5,closed,5
916,66,6,closed,6
917,66,7,closed,7
918,66,10,closed,10
919,66,11,closed,11
920,66,12,closed,12
921,66,13,closed,13
922,66,14,closed,14
923,66,15,closed,15
924,66,16,open,16
925,67,1,closed,1
926,67,2,closed,2
927,67,3,closed,3
928,67,4,closed,4
929,67,5,closed,5
930,67,6,closed,6
931,67,7,closed,7
932,67,10,closed,10
933,67,11,closed,11
934,67,12,closed,12
935,67,13,closed,13
936,67,14,closed,14
937,67,15,closed,15
938,67,16,open,16
939,68,1,closed,1
940,68,2,closed,2
941,68,3,closed,3
942,68,4,open,4
943,68,5,closed,5
944,68,6,closed,6
945,68,7,closed,7
946,68,10,closed,10
947,68,11,closed,11
948,68,12,closed,12
949,68,13,closed,13
950,68,14,open,14
951,68,15,closed,15
952,68,16,open,16
953,69,1,closed,1
954,69,2,closed,2
955,69,3,closed,3
956,69,4,closed,4
957,69,5,closed,5
958,69,6,closed,6
959,69,7,closed,7
960,69,10,closed,10
961,69,11,closed,11
962,69,12,closed,12
963,69,13,open,13
964,69,14,open,14
965,69,15,closed,15
966,69,16,open,16
967,70,1,closed,1
968,70,2,open,2
969,70,3,closed,3
970,70,4,closed,4
971,70,5,closed,5
972,70,6,closed,6
973,70,7,closed,7
974,70,10,closed,10
975,70,11,closed,11
976,70,12,closed,12
977,70,13,open,13
978,70,14,open,14
979,70,15,closed,15
980,70,16,open,16
981,71,1,closed,1
982,71,2,closed,2
983,71,3,closed,3
984,71,4,closed,4
985,71,5,closed,5
986,71,6,closed,6
987,71,7,closed,7
988,71,10,closed,10
989,71,11,closed,11
990,71,12,closed,12
991,71,13,closed,13
992,71,14,closed,14
993,71,15,closed,15
994,71,16,open,16
995,72,1,closed,1
996,72,2,closed,2
997,72,3,closed,3
998,72,4,open,4
999,72,5,closed,5
1000,72,6,closed,6
1001,72,7,closed,7
1002,72,10,closed,10
1003,72,11,closed,11
1004,72,12,closed,12
1005,72,13,closed,13
1006,72,14,closed,14
1007,72,15,closed,15
1008,72,16,open,16
1009,73,1,closed,1
1010,73,2,closed,2
1011,73,3,closed,3
1012,73,4,closed,4
1013,73,5,closed,5
1014,73,6,closed,6
1015,73,7,closed,7
1016,73,10,closed,10
1017,73,11,closed,11
1018,73,12,closed,12
1019,73,13,closed,13
1020,73,14,closed,14
1021,73,15,closed,15
1022,73,16,open,16
1023,74,1,closed,1
1024,74,2,closed,2
1025,74,3,open,3
1026,74,4,closed,4
1027,74,5,closed,5
1028,74,6,closed,6
1029,74,7,closed,7
1030,74,10,closed,10
1031,74,11,closed,11
1032,74,12,closed,12
1033,74,13,closed,13
1034,74,14,closed,14
1035,74,15,closed,15
1036,74,16,open,16
1037,75,1,closed,1
1038,75,2,closed,2
1039,75,3,closed,3
1040,75,4,closed,4
1041,75,5,closed,5
1042,75,6,closed,6
1043,75,7,closed,7
1044,75,10,closed,10
1045,75,11,closed,11
1046,75,12,closed,12
1047,75,13,closed,13
1048,75,14,closed,14
1049,75,15,closed,15
1050,75,16,open,16
1051,76,1,closed,1
1052,76,2,closed,2
1053,76,3,closed,3
1054,76,4,open,4
1055,76,5,closed,5
1056,76,6,closed,6
1057,76,7,closed,7
1058,76,10,closed,10
1059,76,11,closed,11
1060,76,12,closed,12
1061,76,13,closed,13
1062,76,14,open,14
1063,76,15,closed,15
1064,76,16,open,16
1065,77,1,closed,1
1066,77,2,closed,2
1067,77,3,closed,3
1068,77,4,closed,4
1069,77,5,closed,5
1070,77,6,closed,6
1071,77,7,closed,7
1072,77,10,closed,10
1073,77,11,closed,11
1074,77,12,closed,12
1075,77,13,open,13
1076,77,14,open,14
1077,77,15,closed,15
1078,77,16,open,16
1079,78,1,closed,1
1080,78,2,open,2
1081,78,3,closed,3
1082,78,4,closed,4
1083,78,5,closed,5
1084,78,6,closed,6
1085,78,7,closed,7
1086,78,10,closed,10
1087,78,11,closed,11
1088,78,12,closed,12
1089,78,13,open,13
1090,78,14,open,14
1091,78,15,closed,15
1092,78,16,open,16
1093,79,1,closed,1
1094,79,2,closed,2
1095,79,3,closed,3
1096,79,4,closed,4
1097,79,5,closed,5
1098,79,6,closed,6
1099,79,7,closed,7
1100,79,10,closed,10
1101,79,11,closed,11
1102,79,12,closed,12
1103,79,13,closed,13
1104,79,14,closed,14
1105,79,15,closed,15
1106,79,16,open,16
1107,80,1,closed,1
1108,80,2,closed,2
1109,80,3,closed,3
1110,80,4,open,4
1111,80,5,closed,5
1112,80,6,closed,6
1113,80,7,closed,7
1114,80,10,closed,10
1115,80,11,closed,11
1116,80,12,closed,12
1117,80,13,closed,13
1118,80,14,closed,14
1119,80,15,closed,15
1120,80,16,open,16
1121,81,1,closed,1
1122,81,2,closed,2
1123,81,3,closed,3
1124,81,4,closed,4
1125,81,5,closed,5
1126,81,6,closed,6
1127,81,7,closed,7
1128,81,10,closed,10
1129,81,11,closed,11
1130,81,12,closed,12
1131,81,13,closed,13
1132,81,14,closed,14
1133,81,15,closed,15
1134,81,16,open,16
1135,82,1,closed,1
1136,82,2,closed,2
1137,82,3,open,3
1138,82,4,closed,4
1139,82,5,closed,5
1140,82,6,closed,6
1141,82,7,closed,7
1142,82,10,closed,10
1143,82,11,closed,11
1144,82,12,closed,12
1145,82,13,closed,13
1146,82,14,closed,14
1147,82,15,closed,15
1148,82,16,open,16
1149,83,1,closed,1
1150,83,2,closed,2
1151,83,3,closed,3
1152,83,4,closed,4
1153,83,5,closed,5
1154,83,6,closed,6
1155,83,7,closed,7
1156,83,10,closed,10
1157,83,11,closed,11
1158,83,12,closed,12
1159,83,13,closed,13
1160,83,14,open,14
1161,83,15,closed,15
1162,83,16,open,16
1163,84,1,closed,1
1164,84,2,closed,2
1165,84,3,closed,3
1166,84,4,closed,4
1167,84,5,closed,5
1168,84,6,closed,6
1169,84,7,closed,7
1170,84,10,closed,10
1171,84,11,closed,11
1172,84,12,closed,12
1173,84,13,closed,13
1174,84,14,open,14
1175,84,15,closed,15
1176,84,16,open,16
1177,85,1,open,1
1178,85,2,closed,2
1179,85,3,closed,3
1180,85,4,closed,4
1181,85,5,closed,5
1182,85,6,closed,6
1183,85,7,closed,7
1184,85,10,closed,10
1185,85,11,closed,11
1186,85,12,closed,12
1187,85,13,open,13
1188,85,14,open,14
1189,85,15,closed,15
1190,85,16,open,16
1191,86,1,closed,1
1192,86,2,closed,2
1193,86,3,closed,3
1194,86,4,closed,4
1195,86,5,closed,5
1196,86,6,closed,6
1197,86,7,closed,7
1198,86,10,closed,10
1199,86,11,closed,11
1200,86,12,closed,12
1201,86,13,closed,13
1202,86,14,closed,14
1203,86,15,closed,15
1204,86,16,open,16
1205,87,1,closed,1
1206,87,2,closed,2
1207,87,3,closed,3
1208,87,4,open,4
1209,87,5,closed,5
1210,87,6,closed,6
1211,87,7,closed,7
1212,87,10,closed,10
1213,87,11,closed,11
1214,87,12,closed,12
1215,87,13,closed,13
1216,87,14,closed,14
1217,87,15,closed,15
1218,87,16,open,16
1219,88,1,closed,1
1220,88,2,closed,2
1221,88,3,open,3
1222,88,4,open,4
1223,88,5,closed,5
1224,88,6,closed,6
1225,88,7,closed,7
1226,88,10,closed,10
1227,88,11,closed,11
1228,88,12,closed,12
1229,88,13,closed,13
1230,88,14,closed,14
1231,88,15,closed,15
1232,88,16,open,16
1233,89,1,closed,1
1234,89,2,closed,2
1235,89,3,closed,3
1236,89,4,closed,4
1237,89,5,closed,5
1238,89,6,closed,6
1239,89,7,closed,7
1240,89,10,closed,10
1241,89,11,closed,11
1242,89,12,closed,12
1243,89,13,closed,13
1244,89,14,closed,14
1245,89,15,closed,15
1246,89,16,open,16
1247,90,1,closed,1
1248,90,2,closed,2
1249,90,3,closed,3
1250,90,4,closed,4
1251,90,5,closed,5
1252,90,6,closed,6
1253,90,7,closed,7
1254,90,10,closed,10
1255,90,11,closed,11
1256,90,12,closed,12
1257,90,13,closed,13
1258,90,14,open,14
1259,90,15,closed,15
1260,90,16,open,16
1261,91,1,closed,1
1262,91,2,closed,2
1263,91,3,closed,3
1264,91,4,closed,4
1265,91,5,closed,5
1266,91,6,closed,6
1267,91,7,closed,7
1268,91,10,closed,10
1269,91,11,closed,11
1270,91,12,closed,12
1271,91,13,closed,13
1272,91,14,open,14
1273,91,15,closed,15
1274,91,16,open,16
1275,92,1,open,1
1276,92,2,closed,2
1277,92,3,closed,3
1278,92,4,closed,4
1279,92,5,closed,5
1280,92,6,closed,6
1281,92,7,closed,7
1282,92,10,closed,10
1283,92,11,closed,11
1284,92,12,closed,12
1285,92,13,open,13
1286,92,14,open,14
1287,92,15,closed,15
1288,92,16,open,16
1289,93,1,closed,1
1290,93,2,closed,2
1291,93,3,closed,3
1292,93,4,closed,4
1293,93,5,closed,5
1294,93,6,closed,6
1295,93,7,closed,7
1296,93,10,closed,10
1297,93,11,closed,11
1298,93,12,closed,12
1299,93,13,closed,13
1300,93,14,closed,14
1301,93,15,closed,15
1302,93,16,open,16
1303,94,1,closed,1
1304,94,2,closed,2
1305,94,3,closed,3
1306,94,4,open,4
1307,94,5,closed,5
1308,94,6,closed,6
1309,94,7,closed,7
1310,94,10,closed,10
1311,94,11,closed,11
1312,94,12,closed,12
1313,94,13,closed,13
1314,94,14,closed,14
1315,94,15,closed,15
1316,94,16,open,16
1317,95,1,closed,1
1318,95,2,closed,2
1319,95,3,open,3
1320,95,4,open,4
1321,95,5,closed,5
1322,95,6,closed,6
1323,95,7,closed,7
1324,95,10,closed,10
1325,95,11,closed,11
1326,95,12,closed,12
1327,95,13,closed,13
1328,95,14,closed,14
1329,95,15,closed,15
1330,95,16,open,16
1331,96,1,closed,1
1332,96,2,closed,2
1333,96,3,closed,3
1334,96,4,closed,4
1335,96,5,closed,5
1336,96,6,closed,6
1337,96,7,closed,7
1338,96,10,closed,10
1339,96,11,closed,11
1340,96,12,closed,12
1341,96,13,closed,13
1342,96,14,closed,14
1343,96,15,closed,15
1344,96,16,open,16
1345,97,1,closed,1
1346,97,2,closed,2
1347,97,3,closed,3
1348,97,4,closed,4
1349,97,5,closed,5
1350,97,6,closed,6
1351,97,7,closed,7
1352,97,10,closed,10
1353,97,11,closed,11
1354,97,12,closed,12
1355,97,13,closed,13
1356,97,14,open,14
1357,97,15,closed,15
1358,97,16,open,16
1359,98,1,closed,1
1360,98,2,closed,2
1361,98,3,closed,3
1362,98,4,closed,4
1363,98,5,closed,5
1364,98,6,closed,6
1365,98,7,closed,7
1366,98,10,closed,10
1367,98,11,closed,11
1368,98,12,closed,12
1369,98,13,closed,13
1370,98,14,open,14
1371,98,15,closed,15
1372,98,16,open,16
1373,99,1,open,1
1374,99,2,closed,2
1375,99,3,closed,3
1376,99,4,closed,4
1377,99,5,closed,5
1378,99,6,closed,6
1379,99,7,closed,7
1380,99,10,closed,10
1381,99,11,closed,11
1382,99,12,closed,12
1383,99,13,open,13
1384,99,14,open,14
1385,99,15,closed,15
1386,99,16,open,16
1387,100,1,closed,1
1388,100,2,closed,2
1389,100,3,closed,3
1390,100,4,closed,4
1391,100,5,closed,5
1392,100,6,closed,6
1393,100,7,closed,7
1394,100,10,closed,10
1395,100,11,closed,11
1396,100,12,closed,12
1397,100,13,closed,13
1398,100,14,closed,14
1399,100,15,closed,15
1400,100,16,open,16
1401,101,1,closed,1
1402,101,2,closed,2
1403,101,3,closed,3
1404,101,4,open,4
1405,101,5,closed,5
1406,101,6,closed,6
1407,101,7,closed,7
1408,101,10,closed,10
1409,101,11,closed,11
1410,101,12,closed,12
1411,101,13,closed,13
1412,101,14,closed,14
1413,101,15,closed,15
1414,101,16,open,16
1415,102,1,closed,1
1416,102,2,closed,2
1417,102,3,open,3
1418,102,4,open,4
1419,102,5,closed,5
1420,102,6,closed,6
1421,102,7,closed,7
1422,102,10,closed,10
1423,102,11,closed,11
1424,102,12,closed,12
1425,102,13,closed,13
1426,102,14,closed,14
1427,102,15,closed,15
1428,102,16,open,16
1429,103,1,closed,1
1430,103,2,closed,2
1431,103,3,closed,3
1432,103,4,closed,4
1433,103,5,closed,5
1434,103,6,closed,6
1435,103,7,closed,7
1436,103,10,closed,10
1437,103,11,closed,11
1438,103,12,closed,12
1439,103,13,closed,13
1440,103,14,closed,14
1441,103,15,closed,15
1442,103,16,open,16
1443,104,1,closed,1
1444,104,2,closed,2
1445,104,3,closed,3
1446,104,4,closed,4
1447,104,5,closed,5
1448,104,6,closed,6
1449,104,7,closed,7
1450,104,10,closed,10
1451,104,11,closed,11
1452,104,12,closed,12
1453,104,13,closed,13
1454,104,14,open,14
1455,104,15,closed,15
1456,104,16,open,16
1457,105,1,closed,1
1458,105,2,closed,2
1459,105,3,closed,3
1460,105,4,closed,4
1461,105,5,closed,5
1462,105,6,closed,6
1463,105,7,closed,7
1464,105,10,closed,10
1465,105,11,closed,11
1466,105,12,closed,12
1467,105,13,closed,13
1468,105,14,open,14
1469,105,15,closed,15
1470,105,16,open,16
1471,106,1,open,1
1472,106,2,closed,2
1473,106,3,closed,3
1474,106,4,closed,4
1475,106,5,closed,5
1476,106,6,closed,6
1477,106,7,closed,7
1478,106,10,closed,10
1479,106,11,closed,11
1480,106,12,closed,12
1481,106,13,open,13
1482,106,14,open,14
1483,106,15,closed,15
1484,106,16,open,16
1485,107,1,closed,1
1486,107,2,closed,2
1487,107,3,closed,3
1488,107,4,closed,4
1489,107,5,closed,5
1490,107,6,closed,6
1491,107,7,closed,7
1492,107,10,closed,10
1493,107,11,closed,11
1494,107,12,closed,12
1495,107,13,closed,13
1496,107,14,closed,14
1497,107,15,closed,15
1498,107,16,open,16
1499,108,1,closed,1
1500,108,2,closed,2
1501,108,3,closed,3
1502,108,4,open,4
1503,108,5,closed,5
1504,108,6,closed,6
1505,108,7,closed,7
1506,108,10,closed,10
1507,108,11,closed,11
1508,108,12,closed,12
1509,108,13,closed,13
1510,108,14,closed,14
1511,108,15,closed,15
1512,108,16,open,16
1513,109,1,closed,1
1514,109,2,closed,2
1515,109,3,open,3
1516,109,4,open,4
1517,109,5,closed,5
1518,109,6,closed,6
1519,109,7,closed,7
1520,109,10,closed,10
1521,109,11,closed,11
1522,109,12,closed,12
1523,109,13,closed,13
1524,109,14,closed,14
1525,109,15,closed,15
1526,109,16,open,16
1527,110,1,closed,1
1528,110,2,closed,2
1529,110,3,closed,3
1530,110,4,closed,4
1531,110,5,closed,5
1532,110,6,closed,6
1533,110,7,closed,7
1534,110,10,closed,10
1535,110,11,closed,11
1536,110,12,closed,12
1537,110,13,closed,13
1538,110,14,closed,14
1539,110,15,closed,15
1540,110,16,open,16
1541,111,1,closed,1
1542,111,2,closed,2
1543,111,3,closed,3
1544,111,4,closed,4
1545,111,5,closed,5
1546,111,6,closed,6
1547,111,7,closed,7
1548,111,10,closed,10
1549,111,11,closed,11
1550,111,12,closed,12
1551,111,13,closed,13
1552,111,14,open,14
1553,111,15,closed,15
1554,111,16,open,16
1555,112,1,closed,1
1556,112,2,closed,2
1557,112,3,closed,3
1558,112,4,closed,4
1559,112,5,closed,5
1560,112,6,closed,6
1561,112,7,closed,7
1562,112,10,closed,10
1563,112,11,closed,11
1564,112,12,closed,12
1565,112,13,closed,13
1566,112,14,open,14
1567,112,15,closed,15
1568,112,16,open,16
1569,113,1,open,1
1570,113,2,closed,2
1571,113,3,closed,3
1572,113,4,closed,4
1573,113,5,closed,5
1574,113,6,closed,6
1575,113,7,closed,7
1576,113,10,closed,10
1577,113,11,closed,11
1578,113,12,closed,12
1579,113,13,open,13
1580,113,14,open,14
1581,113,15,closed,15
1582,113,16,open,16
1583,114,1,closed,1
1584,114,2,closed,2
1585,114,3,closed,3
1586,114,4,closed,4
1587,114,5,closed,5
1588,114,6,closed,6
1589,114,7,closed,7
1590,114,10,closed,10
1591,114,11,closed,11
1592,114,12,closed,12
1593,114,13,closed,13
1594,114,14,closed,14
1595,114,15,closed,15
1596,114,16,open,16
